[{"model": "movies.director", "pk": 1, "fields": {"uuid": "06ea2192-37e3-4ab4-986c-d7899baa9b4d", "name": "Victor Fleming"}}, {"model": "movies.director", "pk": 2, "fields": {"uuid": "ad1bab16-de6f-479c-9719-b86d33a9b770", "name": "George Lucas"}}, {"model": "movies.director", "pk": 3, "fields": {"uuid": "74d52744-78aa-4dc6-a7fd-1e19440b5861", "name": "Giovanni Pastrone"}}, {"model": "movies.director", "pk": 4, "fields": {"uuid": "087c0e0a-bd6b-45d4-9d07-cb90bf9a1614", "name": "Alfred Hitchcock"}}, {"model": "movies.director", "pk": 5, "fields": {"uuid": "00cbfa21-8755-455d-a375-7f51df5936d1", "name": "Merian C. Cooper"}}, {"model": "movies.director", "pk": 6, "fields": {"uuid": "75ba29f9-36da-4df6-a057-2a9a2204a245", "name": "Fritz Lang"}}, {"model": "movies.director", "pk": 7, "fields": {"uuid": "5e25fa2c-36a5-44ef-9982-f1bb4bc54eba", "name": "Marc Daniels"}}, {"model": "movies.director", "pk": 8, "fields": {"uuid": "84ed1e11-bf0e-4bab-839a-2fca75d8da4e", "name": "Michael Curtiz"}}, {"model": "movies.director", "pk": 9, "fields": {"uuid": "df6bcdef-f29a-491d-bdf8-e9abf021fd3b", "name": "William Cottrell"}}, {"model": "movies.director", "pk": 10, "fields": {"uuid": "fd9159c6-ac7e-4e0e-8122-10233027a02b", "name": "Stanley Kubrick"}}, {"model": "movies.director", "pk": 11, "fields": {"uuid": "e21ab2b4-46b0-4bd2-8f18-9d9aa0c519f9", "name": "Francis Ford Coppola"}}, {"model": "movies.director", "pk": 12, "fields": {"uuid": "9f082154-68a2-45ac-a323-ffc1b45ad2ca", "name": "D.W. Griffith"}}, {"model": "movies.director", "pk": 13, "fields": {"uuid": "0c282b90-ab9f-46f2-83f8-eaa86db1948a", "name": "Alfred Hitchcock"}}, {"model": "movies.director", "pk": 14, "fields": {"uuid": "42fb5319-c673-4e6a-832d-015020be2a4e", "name": "Steven Spielberg"}}, {"model": "movies.director", "pk": 15, "fields": {"uuid": "a5cc4484-5f4b-46b3-839c-e097cb88a577", "name": "J. Searle Dawley"}}, {"model": "movies.director", "pk": 16, "fields": {"uuid": "f3e98e29-c56c-4f42-b77f-31e189da20a6", "name": "Francis Ford Coppola"}}, {"model": "movies.director", "pk": 17, "fields": {"uuid": "ddac61d6-e794-463a-8ff2-9f3fb4d09b6d", "name": "Ernst Lubitsch"}}, {"model": "movies.director", "pk": 18, "fields": {"uuid": "8d9743b1-050b-4b82-9d20-abe4b34bee65", "name": "John Ford"}}, {"model": "movies.director", "pk": 19, "fields": {"uuid": "82739108-daa5-4f54-9728-1b2ffa504b02", "name": "Terence Young"}}, {"model": "movies.director", "pk": 20, "fields": {"uuid": "66a2ba32-603d-401e-ba40-5a9ed0bd158e", "name": "Orson Welles"}}, {"model": "movies.director", "pk": 21, "fields": {"uuid": "43abc83a-ec6d-47db-b6c2-5fca8e5c3317", "name": "Merian C. Cooper"}}, {"model": "movies.director", "pk": 22, "fields": {"uuid": "a7454615-c455-4e91-838b-0e7d24acef2d", "name": "William Friedkin"}}, {"model": "movies.director", "pk": 23, "fields": {"uuid": "bb4521ed-701d-4ef0-9010-3093c1869a3c", "name": "Alfred Hitchcock"}}, {"model": "movies.director", "pk": 24, "fields": {"uuid": "96689422-898e-4e9a-b1ce-f52d22bcf8ba", "name": "Merian C. Cooper"}}, {"model": "movies.director", "pk": 25, "fields": {"uuid": "1df89a1f-7c78-4f9f-b3bf-3e8da644542d", "name": "Francis Ford Coppola"}}, {"model": "movies.director", "pk": 26, "fields": {"uuid": "9488e73c-3a5d-4666-945a-d412d4d66d1f", "name": "Alfred Hitchcock"}}, {"model": "movies.director", "pk": 27, "fields": {"uuid": "1face20e-1892-4cd5-9e62-3763198a1d8c", "name": "Francis Ford Coppola"}}, {"model": "movies.director", "pk": 28, "fields": {"uuid": "eba47d64-5a6c-40db-a886-a9ca9be84544", "name": "Alfred Hitchcock"}}, {"model": "movies.director", "pk": 29, "fields": {"uuid": "2e645c7d-b747-413c-acda-0236118aee43", "name": "Merian C. Cooper"}}, {"model": "movies.director", "pk": 30, "fields": {"uuid": "22b9e777-98c8-4551-ba7a-0303b544fdfc", "name": "James Cameron"}}, {"model": "movies.director", "pk": 31, "fields": {"uuid": "7d804695-f0d4-4121-a9ab-d1889e5ab996", "name": "Roman Polanski"}}, {"model": "movies.director", "pk": 32, "fields": {"uuid": "4a3209f8-e98d-47bc-b1b0-80426d447308", "name": "Sergei M. Eisenstein"}}, {"model": "movies.director", "pk": 33, "fields": {"uuid": "1e10eb9c-7d20-4542-a392-474ed9fc2d27", "name": "Irvin Kershner"}}, {"model": "movies.director", "pk": 34, "fields": {"uuid": "7d0f5ecd-7465-44f3-b697-eeb7a69d86af", "name": "Harry O. Hoyt"}}, {"model": "movies.director", "pk": 35, "fields": {"uuid": "936339b7-3bcc-4945-ad7e-79205b0881df", "name": "James Whale"}}, {"model": "movies.director", "pk": 36, "fields": {"uuid": "78055cf6-3f5b-4775-8728-ac3ad269441b", "name": "Lisa Simon"}}, {"model": "movies.director", "pk": 37, "fields": {"uuid": "7a34833d-f067-4ea2-8530-9a04783eec45", "name": "Jean Renoir"}}, {"model": "movies.director", "pk": 38, "fields": {"uuid": "ac8f221f-f8ec-4a27-a644-66cc9306a641", "name": "George A. Romero"}}, {"model": "movies.director", "pk": 39, "fields": {"uuid": "dc8dd1aa-6ec2-47bd-88c0-2f75a69b0e69", "name": "Larry Semon"}}, {"model": "movies.director", "pk": 40, "fields": {"uuid": "e4bd57dd-65a7-4c6c-b2d4-c340c20bb2cb", "name": "Maurice Tourneur"}}, {"model": "movies.director", "pk": 41, "fields": {"uuid": "ff605975-a5d0-430c-be6c-791fa8b165ce", "name": "James Parrott"}}, {"model": "movies.director", "pk": 42, "fields": {"uuid": "0ce583d7-1178-4c74-9903-430257454ac6", "name": "Martin Scorsese"}}, {"model": "movies.director", "pk": 43, "fields": {"uuid": "4cee1d46-0df7-447f-9f85-4770c90361c0", "name": "Sergio Leone"}}, {"model": "movies.director", "pk": 44, "fields": {"uuid": "39a14640-e9d4-46fa-b839-abc9674f3969", "name": "Stanley Donen"}}, {"model": "movies.director", "pk": 45, "fields": {"uuid": "a1b0c9ad-2dc4-4e94-b894-ba6a3fea1ba4", "name": "Elia Kazan"}}, {"model": "movies.director", "pk": 46, "fields": {"uuid": "4d087881-851c-4c9b-b05a-ce6ffc820bef", "name": "Clyde Bruckman"}}, {"model": "movies.director", "pk": 47, "fields": {"uuid": "de4e0583-828a-40f0-a3a1-d067b0f1882b", "name": "Ivan Reitman"}}, {"model": "movies.director", "pk": 48, "fields": {"uuid": "82c254d5-7c69-4acc-a493-e69ddd0b4363", "name": "W.S. Van Dyke"}}, {"model": "movies.director", "pk": 49, "fields": {"uuid": "d26ed3c3-2ff0-46a5-994f-c40fcd580a04", "name": "L. Frank Baum"}}, {"model": "movies.director", "pk": 50, "fields": {"uuid": "bae61d49-277c-446d-9829-e8d5be98b1c2", "name": "John Brahm"}}, {"model": "movies.director", "pk": 51, "fields": {"uuid": "3398cbdb-8622-4315-a942-87856fcf1982", "name": "Edwin S. Porter"}}, {"model": "movies.director", "pk": 52, "fields": {"uuid": "ca322751-27ee-4015-81ec-bb5b858f0191", "name": "Guy Hamilton"}}, {"model": "movies.director", "pk": 53, "fields": {"uuid": "756924d9-283f-469a-a794-e289b0f8b688", "name": "Federico Fellini"}}, {"model": "movies.director", "pk": 54, "fields": {"uuid": "8a62e22a-b4c7-460e-9ff9-2874e747c6f7", "name": "Ridley Scott"}}, {"model": "movies.director", "pk": 55, "fields": {"uuid": "b5ee91e5-ce91-4a44-8818-af62aaf7b26e", "name": "F.W. Murnau"}}, {"model": "movies.director", "pk": 56, "fields": {"uuid": "bbad1e00-5123-4680-a797-c1ad7668c484", "name": "Brian De Palma"}}, {"model": "movies.director", "pk": 57, "fields": {"uuid": "e679efe5-86b3-4a93-8b0c-4f7b2cf4cf52", "name": "John G. Avildsen"}}, {"model": "movies.director", "pk": 58, "fields": {"uuid": "8130eb74-aa73-42df-bb7b-0c4e2f6218f1", "name": "Mark Kirkland"}}, {"model": "movies.director", "pk": 59, "fields": {"uuid": "6de04674-90e5-461d-93d3-7346053f2060", "name": "Luis Bu1uel"}}, {"model": "movies.director", "pk": 60, "fields": {"uuid": "e2c6dab4-da20-4698-8d10-372dd731cfe6", "name": "Tod Browning"}}, {"model": "movies.director", "pk": 61, "fields": {"uuid": "40b05ebb-6c04-4d8f-a967-37f9a3184391", "name": "Ted Kotcheff"}}, {"model": "movies.director", "pk": 62, "fields": {"uuid": "32269675-c720-46bf-819b-b215578cc237", "name": "Joseph Barbera"}}, {"model": "movies.director", "pk": 63, "fields": {"uuid": "c8283ac5-ad30-4f6a-b24f-04f6dcdfa6ce", "name": "Oscar Rudolph"}}, {"model": "movies.director", "pk": 64, "fields": {"uuid": "c194c031-bdd4-4ec9-a852-4870005631b1", "name": "Mervyn LeRoy"}}, {"model": "movies.director", "pk": 65, "fields": {"uuid": "3f92b636-77e9-4c44-900c-06372fdfda20", "name": "Robert Zemeckis"}}, {"model": "movies.director", "pk": 66, "fields": {"uuid": "638fb798-2d61-4c63-8888-23bff0c28c2e", "name": "John Boorman"}}, {"model": "movies.director", "pk": 67, "fields": {"uuid": "939c8e5c-a078-489b-aee7-56d801921b2e", "name": "Alfred Hitchcock"}}, {"model": "movies.director", "pk": 68, "fields": {"uuid": "4ca19415-0494-4dcf-a8bf-73c83c53ddf9", "name": "Edward F. Cline"}}, {"model": "movies.director", "pk": 69, "fields": {"uuid": "648783c4-b2cd-4f50-a7c4-f7ce52744781", "name": "Tobe Hooper"}}, {"model": "movies.director", "pk": 70, "fields": {"uuid": "7a3396c5-6a2a-4a64-b34a-f91be694460b", "name": "David Lean"}}, {"model": "movies.director", "pk": 71, "fields": {"uuid": "5c46c518-a6cc-4dcc-8fdc-1d2c69722bb4", "name": "Frank Capra"}}, {"model": "movies.director", "pk": 72, "fields": {"uuid": "9449bc96-9edb-44a3-b101-48256f4fb419", "name": "Steven Soderbergh"}}, {"model": "movies.director", "pk": 73, "fields": {"uuid": "34f3da21-d577-445f-9fcf-d86ff17c5764", "name": "Don Siegel"}}, {"model": "movies.director", "pk": 74, "fields": {"uuid": "409b0f09-ff7c-4ad6-9f04-d602d850798c", "name": "George Cukor"}}, {"model": "movies.director", "pk": 75, "fields": {"uuid": "238f3d72-59bd-47ba-adb6-f5ee14b5d00b", "name": "Samuel Armstrong"}}, {"model": "movies.director", "pk": 76, "fields": {"uuid": "2ed27487-aecf-4790-95de-edf01670f27b", "name": "Alfred Hitchcock"}}, {"model": "movies.director", "pk": 77, "fields": {"uuid": "514f27be-32a5-45b8-8cdf-2009e50ad16d", "name": "James W. Horne"}}, {"model": "movies.director", "pk": 78, "fields": {"uuid": "38de015c-fe3d-4263-a4da-8f089f5364e1", "name": "William Wyler"}}, {"model": "movies.director", "pk": 79, "fields": {"uuid": "22f5208b-b9b2-413e-b64c-4991c98023e7", "name": "Quentin Tarantino"}}, {"model": "movies.director", "pk": 80, "fields": {"uuid": "1a6a7891-082b-463d-86bc-892c8ceec271", "name": "Alfred Hitchcock"}}, {"model": "movies.director", "pk": 81, "fields": {"uuid": "eed529d8-9748-4355-91f2-f3122c9b5caf", "name": "John Cromwell"}}, {"model": "movies.director", "pk": 82, "fields": {"uuid": "7ec425aa-c2b9-46a4-a1e4-8351cf5b3c26", "name": "Erich von Stroheim"}}, {"model": "movies.director", "pk": 83, "fields": {"uuid": "20a46aa2-f1ce-489c-82a1-4053d6c67401", "name": "Jonathan Demme"}}, {"model": "movies.director", "pk": 84, "fields": {"uuid": "ae579da8-a312-4cf8-ad37-0582df3e8c70", "name": "Charles Chaplin"}}, {"model": "movies.director", "pk": 85, "fields": {"uuid": "3f6766f3-8089-4557-ba5e-0d878d7932ea", "name": "Kim Manners"}}, {"model": "movies.director", "pk": 86, "fields": {"uuid": "2574f46f-8aca-4b52-8e4b-362fb3df3c63", "name": "Joseph C. Terry"}}, {"model": "movies.director", "pk": 87, "fields": {"uuid": "9f2bd913-771e-4444-b55d-6c7951fb7c3d", "name": "Mike Nichols"}}, {"model": "movies.director", "pk": 88, "fields": {"uuid": "24dff231-3577-4bf0-b2d0-7bc401d6fb94", "name": "Henry Lehrman"}}, {"model": "movies.director", "pk": 89, "fields": {"uuid": "4806c783-8b1c-4a4f-840f-7b264f2e8656", "name": "Andy Wachowski"}}, {"model": "movies.director", "pk": 90, "fields": {"uuid": "cfbccdfa-0444-4d60-8562-af75b03e9a29", "name": "Wes Craven"}}, {"model": "movies.director", "pk": 91, "fields": {"uuid": "de2b34c1-62e9-422b-befb-a7ff2cf79546", "name": "George Schaefer"}}, {"model": "movies.director", "pk": 92, "fields": {"uuid": "7dbee921-242b-478b-982d-0b3aca588a56", "name": "Alfred Hitchcock"}}, {"model": "movies.director", "pk": 93, "fields": {"uuid": "29b554cf-4c0f-4988-9450-7b153fafe45f", "name": "Robert Wise"}}, {"model": "movies.director", "pk": 94, "fields": {"uuid": "dd954405-6681-448b-8f8d-540ba35efe48", "name": "Jack Arnold"}}, {"model": "movies.director", "pk": 95, "fields": {"uuid": "0ae2e216-d91f-4de6-b18c-7b4d92705ad0", "name": "James Algar"}}, {"model": "movies.director", "pk": 96, "fields": {"uuid": "cf9d4108-db7a-4bc2-9316-539404335397", "name": "Jerome Robbins"}}, {"model": "movies.director", "pk": 97, "fields": {"uuid": "d6e9b964-672e-438e-ab41-bef6e93bf673", "name": "Fred Zinnemann"}}, {"model": "movies.director", "pk": 98, "fields": {"uuid": "a726539f-54f9-401a-bb47-8b903cb15942", "name": "John Carpenter"}}, {"model": "movies.director", "pk": 99, "fields": {"uuid": "8dbd3294-dc16-4be4-8712-b977a67e71ed", "name": "William Asher"}}, {"model": "movies.director", "pk": 100, "fields": {"uuid": "44ec1fdc-1d14-479a-bea4-822c3b0f69ff", "name": "Karl Freund"}}, {"model": "movies.director", "pk": 101, "fields": {"uuid": "7ce12ccc-bb60-46a8-9068-5b4fcd27ead7", "name": "Robert Stevenson"}}, {"model": "movies.director", "pk": 102, "fields": {"uuid": "5bc0b5be-af7a-40fb-b907-444720c4f72a", "name": "Richard Marquand"}}, {"model": "movies.director", "pk": 103, "fields": {"uuid": "ce8ef5f7-a77f-4553-ab76-7990e131a499", "name": "Akira Kurosawa"}}, {"model": "movies.director", "pk": 104, "fields": {"uuid": "9508fe27-f524-414e-a640-2e0ddc726863", "name": "John Huston"}}, {"model": "movies.director", "pk": 105, "fields": {"uuid": "18161e13-e0d4-4268-8f75-2275b40dde29", "name": "Phil Karlson"}}, {"model": "movies.director", "pk": 106, "fields": {"uuid": "e8b8b3d8-eb76-4859-b5ca-e7843c999539", "name": "Ishirccab Honda"}}, {"model": "movies.director", "pk": 107, "fields": {"uuid": "36c1dcb6-85cf-45b5-9a8e-a9ee95f38ddc", "name": "Winsor McCay"}}, {"model": "movies.director", "pk": 108, "fields": {"uuid": "2c1ff9f1-6643-442c-bb3a-5f6a5b5a55bc", "name": "Franklin J. Schaffner"}}, {"model": "movies.director", "pk": 109, "fields": {"uuid": "0abb7cd6-0784-4a77-95b6-ce9a46e89be9", "name": "Frank Lloyd"}}, {"model": "movies.director", "pk": 110, "fields": {"uuid": "3f3c10a8-bf6c-435f-be2f-a12e675e2d3e", "name": "Lewis Milestone"}}, {"model": "movies.director", "pk": 111, "fields": {"uuid": "9644ee71-d3d1-4569-8032-76624cf1f576", "name": "Carl Boese"}}, {"model": "movies.director", "pk": 112, "fields": {"uuid": "f0ab1852-736a-4ccd-b245-76b1f9ad9740", "name": "Gordon Douglas"}}, {"model": "movies.director", "pk": 113, "fields": {"uuid": "fa21f548-b9ab-4df4-a7ab-2f12a10915a2", "name": "Leo McCarey"}}, {"model": "movies.director", "pk": 114, "fields": {"uuid": "e19c6295-4633-4b83-87d3-7e262a836ed2", "name": "Maya Deren"}}, {"model": "movies.director", "pk": 115, "fields": {"uuid": "4891c196-f789-4669-92e1-ea7f46e63963", "name": "Jerry Paris"}}, {"model": "movies.director", "pk": 116, "fields": {"uuid": "380b0ca8-e112-4594-92f8-eb4091012b77", "name": "John Badham"}}, {"model": "movies.director", "pk": 117, "fields": {"uuid": "279ea6ec-caa7-4b86-9f1f-4e4ed27cf812", "name": "Douglas Camfield"}}, {"model": "movies.director", "pk": 118, "fields": {"uuid": "d6e15af2-9fa2-405e-abc9-56949ebe7643", "name": "Nicholas Ray"}}, {"model": "movies.director", "pk": 119, "fields": {"uuid": "3e2b9423-11a1-4359-8480-676daa92adc3", "name": "Richard Donner"}}, {"model": "movies.director", "pk": 120, "fields": {"uuid": "71ba4a40-759e-4dac-8a75-3747984b7294", "name": "Peter Harris"}}, {"model": "movies.director", "pk": 121, "fields": {"uuid": "85e53a0a-b5bf-4493-8506-a2f4027475f0", "name": "Norman Ferguson"}}, {"model": "movies.director", "pk": 122, "fields": {"uuid": "1dae2982-d8c4-4d44-8a67-20ab41f132f9", "name": "Arthur Lipsett"}}, {"model": "movies.director", "pk": 123, "fields": {"uuid": "793882c6-967c-43a9-8277-87ff8f5fb126", "name": "Joy Batchelor"}}, {"model": "movies.director", "pk": 124, "fields": {"uuid": "3a22171c-c92f-48e6-8ba2-5f090962abf7", "name": "Ray Enright"}}, {"model": "movies.director", "pk": 125, "fields": {"uuid": "874fb8e9-e3a8-4a6f-9564-d1256818cac8", "name": "George Stevens"}}, {"model": "movies.director", "pk": 126, "fields": {"uuid": "6cc8623d-c75b-4204-99c8-bbde60a4d84b", "name": "Kevin McCarthy"}}, {"model": "movies.director", "pk": 127, "fields": {"uuid": "8734d919-d7de-47e9-909f-fbca8f25a18c", "name": "Norman Tokar"}}, {"model": "movies.director", "pk": 128, "fields": {"uuid": "d01cd479-92a5-4981-af0d-9535e9eaf2a2", "name": "Arthur Penn"}}, {"model": "movies.director", "pk": 129, "fields": {"uuid": "db535300-bcbf-4641-b6c9-7ef2577274bf", "name": "Milos Forman"}}, {"model": "movies.director", "pk": 130, "fields": {"uuid": "e8e0e052-cdca-4137-902d-b31554e446e9", "name": "Dave Wilson"}}, {"model": "movies.director", "pk": 131, "fields": {"uuid": "ee0f8f41-bd37-4813-83e2-a7c45fee68b1", "name": "Roger Allers"}}, {"model": "movies.director", "pk": 132, "fields": {"uuid": "b7e75885-f9ff-418c-9188-0e131f8af947", "name": "Walt Disney"}}, {"model": "movies.director", "pk": 133, "fields": {"uuid": "16102af0-2aa9-415c-9be4-f3263e18241d", "name": "Rob Klug"}}, {"model": "movies.director", "pk": 134, "fields": {"uuid": "ddd2c91d-e848-4291-b26f-44c886d8b6ed", "name": "John McTiernan"}}, {"model": "movies.director", "pk": 135, "fields": {"uuid": "c0b26547-f151-4ecc-9fb0-004e2e28d494", "name": "Otto Preminger"}}, {"model": "movies.director", "pk": 136, "fields": {"uuid": "96e6385b-8bf3-48d5-80f5-74a7eb989b78", "name": "Dennis Hopper"}}, {"model": "movies.director", "pk": 137, "fields": {"uuid": "15d61fea-8d0c-45ce-aef8-339c5f79c8de", "name": "Alain Resnais"}}, {"model": "movies.director", "pk": 138, "fields": {"uuid": "d92777d8-8e4e-4c49-90d6-06a51f23da99", "name": "Walter Grauman"}}, {"model": "movies.director", "pk": 139, "fields": {"uuid": "fe792029-7da4-4e6c-8e39-0be3da7eb454", "name": "Sam Raimi"}}, {"model": "movies.director", "pk": 140, "fields": {"uuid": "feeca084-066e-435e-a795-3fc6f5aebbf4", "name": "Bobby Quinn"}}, {"model": "movies.director", "pk": 141, "fields": {"uuid": "5656eb81-94fc-4ba2-aa1e-592446cba417", "name": "Tony Scott"}}, {"model": "movies.director", "pk": 142, "fields": {"uuid": "82889079-3ebf-4ee8-9601-5000884ee486", "name": "Lewis Gilbert"}}, {"model": "movies.director", "pk": 143, "fields": {"uuid": "f76ec7fa-e490-45ff-b116-373182fade78", "name": "Hollingsworth Morse"}}, {"model": "movies.director", "pk": 144, "fields": {"uuid": "4c22e20a-0cfe-4c1d-bbbb-a5e81d2c1492", "name": "Gerard Damiano"}}, {"model": "movies.director", "pk": 145, "fields": {"uuid": "15a8676e-721c-43ce-bbe1-3023dae58a39", "name": "Samuel Fuller"}}, {"model": "movies.director", "pk": 146, "fields": {"uuid": "27b548be-0ae6-405f-98dc-5a377c415761", "name": "Robert Clouse"}}, {"model": "movies.director", "pk": 147, "fields": {"uuid": "5491e558-b2e2-4062-aefd-c73dea738c44", "name": "John Sturges"}}, {"model": "movies.director", "pk": 148, "fields": {"uuid": "ce911380-47ba-4be7-a581-7783f9885585", "name": "Josef von Sternberg"}}, {"model": "movies.director", "pk": 149, "fields": {"uuid": "762a4125-6eaf-4d3b-96a8-1ef174f646d1", "name": "Edouard Molinaro"}}, {"model": "movies.director", "pk": 150, "fields": {"uuid": "48d64de4-7eeb-4874-a3fb-ecc2d4289b0a", "name": "Tim Burton"}}, {"model": "movies.director", "pk": 151, "fields": {"uuid": "45ddb5e1-90c0-4793-bf28-6951b2e6d7bb", "name": "Clyde Geronimi"}}, {"model": "movies.director", "pk": 152, "fields": {"uuid": "ba6982b0-1259-4ce1-b0e5-2b3df8ba8e76", "name": "Lee Sholem"}}, {"model": "movies.director", "pk": 153, "fields": {"uuid": "03f8121c-c8fc-4ea4-ba74-7b38146f5061", "name": "Leni Riefenstahl"}}, {"model": "movies.director", "pk": 154, "fields": {"uuid": "33c58f51-fe55-4725-b216-8bee3eb5ea37", "name": "Randal Kleiser"}}, {"model": "movies.director", "pk": 155, "fields": {"uuid": "abd85cb5-4fbd-400e-bbdc-213249085e87", "name": "Carol Reed"}}, {"model": "movies.director", "pk": 156, "fields": {"uuid": "234a7ea8-c1dd-474b-9346-6b84ee4d9875", "name": "Cecil B. DeMille"}}, {"model": "movies.director", "pk": 157, "fields": {"uuid": "6fffa0f2-71f9-4a9b-8ffb-5d66791a9ef3", "name": "Billy Wilder"}}, {"model": "movies.director", "pk": 158, "fields": {"uuid": "36de2c7d-5449-4916-a9af-3f93dbd86487", "name": "Sean S. Cunningham"}}, {"model": "movies.director", "pk": 159, "fields": {"uuid": "d25426ac-0c88-4dbc-9c1f-9ea2e81dcd44", "name": "Clint Eastwood"}}, {"model": "movies.director", "pk": 160, "fields": {"uuid": "d82d85a7-bca4-425a-8567-da0b208eabbc", "name": "Cameron Crowe"}}, {"model": "movies.director", "pk": 161, "fields": {"uuid": "153f8b2c-f1ce-4355-be21-87d4e8c0c4f9", "name": "Bretaigne Windust"}}, {"model": "movies.director", "pk": 162, "fields": {"uuid": "9795bb2d-814f-4589-82d5-c4eb965b6d78", "name": "Richard Fleischer"}}, {"model": "movies.director", "pk": 163, "fields": {"uuid": "c2ce53ce-d1fc-4232-aad8-722cf0883bc5", "name": "George Roy Hill"}}, {"model": "movies.director", "pk": 164, "fields": {"uuid": "3d9efdb3-d0cf-41b6-a4a2-aceb09cbb133", "name": "Bob Sweeney"}}, {"model": "movies.director", "pk": 165, "fields": {"uuid": "09aa2123-f053-4e60-8dd0-e9073581f759", "name": "John Landis"}}, {"model": "movies.director", "pk": 166, "fields": {"uuid": "6abd8683-4aee-4f9c-8b53-bbe2acde2262", "name": "Bruce Gowers"}}, {"model": "movies.director", "pk": 167, "fields": {"uuid": "19da47e5-3dce-4223-8aa7-b8ed64d6535a", "name": "David Fincher"}}, {"model": "movies.director", "pk": 168, "fields": {"uuid": "1328904a-4dfd-4d31-902f-90578b1b29d9", "name": "Sam Peckinpah"}}, {"model": "movies.director", "pk": 169, "fields": {"uuid": "a0abe505-b782-4e33-9462-f9907484ddf7", "name": "Peter Jackson"}}, {"model": "movies.director", "pk": 170, "fields": {"uuid": "38997eef-079e-41d6-b4f1-126dd1abcc14", "name": "Luis el"}}, {"model": "movies.director", "pk": 171, "fields": {"uuid": "53faa2aa-baa2-4cd1-928d-74df32420e27", "name": "Stanley Kramer"}}, {"model": "movies.director", "pk": 172, "fields": {"uuid": "1a8985dc-0113-47c1-a3f9-a95ccf07a369", "name": "Rob Reiner"}}, {"model": "movies.director", "pk": 173, "fields": {"uuid": "b20e429f-918e-4c33-a8f7-2c84571f53b8", "name": "Anthony Mann"}}, {"model": "movies.director", "pk": 174, "fields": {"uuid": "d2a628af-be09-4ee1-a914-20ed00273cb5", "name": "Cliff Bole"}}, {"model": "movies.director", "pk": 175, "fields": {"uuid": "8b89be75-e906-4c80-b371-4f4b6fa75b22", "name": "Charles S. Dubin"}}, {"model": "movies.director", "pk": 176, "fields": {"uuid": "ff0ce31d-0428-4781-8738-6c148d72d350", "name": "Yevgeni Bauer"}}, {"model": "movies.director", "pk": 177, "fields": {"uuid": "1b90cc6d-01c0-4375-89f2-992f74121409", "name": "Gregory J. Bonann"}}, {"model": "movies.director", "pk": 178, "fields": {"uuid": "27496950-adc7-49c0-a9a6-3eac5da6f47f", "name": "Gerald Potterton"}}, {"model": "movies.director", "pk": 179, "fields": {"uuid": "5d641f10-8f8d-4acf-adbd-8af720075fa9", "name": "Burt Gillett"}}, {"model": "movies.director", "pk": 180, "fields": {"uuid": "8555e253-d17d-4819-8f59-b8edd3762924", "name": "William A. Wellman"}}, {"model": "movies.director", "pk": 181, "fields": {"uuid": "95e19c58-bd85-42c8-8974-7a79c78deeb2", "name": "Jim Sharman"}}, {"model": "movies.director", "pk": 182, "fields": {"uuid": "4a5e14f2-34d5-4b70-b658-22c141ff082e", "name": "Barry Levinson"}}, {"model": "movies.director", "pk": 183, "fields": {"uuid": "a8271e8e-ca45-46d6-899c-669c3a1e34fd", "name": "Jean Vigo"}}, {"model": "movies.director", "pk": 184, "fields": {"uuid": "832e4f42-0b33-43d9-bf8d-195d0a075f89", "name": "Ingmar Bergman"}}, {"model": "movies.director", "pk": 185, "fields": {"uuid": "2e8f8abc-7d0e-46bd-ad54-ec5e04a2634a", "name": "William F. Claxton"}}, {"model": "movies.director", "pk": 186, "fields": {"uuid": "3b642ef4-0864-4e6d-b4f0-8c5dc81ba73e", "name": "Adrian Lyne"}}, {"model": "movies.director", "pk": 187, "fields": {"uuid": "216a82d4-f834-46d9-a9ec-b1b6bcee9e07", "name": "Edward L. Cahn"}}, {"model": "movies.director", "pk": 188, "fields": {"uuid": "7061b46f-a31d-4cd8-8d61-b3d05b019d6c", "name": "John Moffitt"}}, {"model": "movies.director", "pk": 189, "fields": {"uuid": "90f355a6-d2e3-4c40-9de3-1abb4e6e4662", "name": "John Nicolella"}}, {"model": "movies.director", "pk": 190, "fields": {"uuid": "f47ec954-0118-40b0-9f1e-b8c7552027f2", "name": "Michael OHerlihy"}}, {"model": "movies.director", "pk": 191, "fields": {"uuid": "0f3d29bb-0400-410a-b674-5ae431b6b933", "name": "Dennis Donnelly"}}, {"model": "movies.genre", "pk": 1, "fields": {"uuid": "6c36db02-36f8-4e58-915d-86c40b32f702", "genre": "Adventure"}}, {"model": "movies.genre", "pk": 2, "fields": {"uuid": "06f55453-dcd8-4cc6-9876-04758744588d", "genre": "Family"}}, {"model": "movies.genre", "pk": 3, "fields": {"uuid": "390af873-449b-4417-9a92-bfe4fc7d4753", "genre": "Fantasy"}}, {"model": "movies.genre", "pk": 4, "fields": {"uuid": "4ba86e36-d330-43fb-bff2-c739a1fa877e", "genre": "Musical"}}, {"model": "movies.genre", "pk": 5, "fields": {"uuid": "f484a681-da2f-4fc8-a28a-93690824e553", "genre": "Action"}}, {"model": "movies.genre", "pk": 6, "fields": {"uuid": "c72c3186-64f8-4891-a7f6-64fb035ad676", "genre": "Sci-Fi"}}, {"model": "movies.genre", "pk": 7, "fields": {"uuid": "d8073b6e-15ad-493c-b398-8156c1b9fb75", "genre": "Drama"}}, {"model": "movies.genre", "pk": 8, "fields": {"uuid": "09820d9e-62b0-4a20-b184-19b1ef1ba1ad", "genre": "War"}}, {"model": "movies.genre", "pk": 9, "fields": {"uuid": "cc358089-df21-44bc-bd58-79d556e75435", "genre": "Horror"}}, {"model": "movies.genre", "pk": 10, "fields": {"uuid": "e7846d05-f767-4912-b41e-9827869c2672", "genre": "Mystery"}}, {"model": "movies.genre", "pk": 11, "fields": {"uuid": "5f384bc8-8df6-4480-b83c-b2328c5048a9", "genre": "Thriller"}}, {"model": "movies.genre", "pk": 12, "fields": {"uuid": "f12e834a-9801-44cd-b228-7c7a2219407d", "genre": "Romance"}}, {"model": "movies.genre", "pk": 13, "fields": {"uuid": "d03d8798-0540-48cf-bb64-0f8a538d6e67", "genre": "Animation"}}, {"model": "movies.genre", "pk": 14, "fields": {"uuid": "95cbf0ac-2459-480d-bb56-3a4a09e950d6", "genre": "Crime"}}, {"model": "movies.genre", "pk": 15, "fields": {"uuid": "8d2514d6-d802-4858-b441-7315489d0b19", "genre": "History"}}, {"model": "movies.genre", "pk": 16, "fields": {"uuid": "cef3c005-01bf-4673-8610-6103d77f7ee8", "genre": "Western"}}, {"model": "movies.genre", "pk": 17, "fields": {"uuid": "a5cc7348-d2b9-498c-9360-f013a0e207e4", "genre": "Film-Noir"}}, {"model": "movies.genre", "pk": 18, "fields": {"uuid": "b2064307-f47c-4d73-8a40-79c2a6cbcd23", "genre": "Comedy"}}, {"model": "movies.genre", "pk": 19, "fields": {"uuid": "808d6498-de34-4e38-867e-74fa90b91687", "genre": "Documentary"}}, {"model": "movies.genre", "pk": 20, "fields": {"uuid": "a1e0eba9-7a3c-4b5a-9052-9809f91d9600", "genre": "Music"}}, {"model": "movies.genre", "pk": 21, "fields": {"uuid": "41330a9e-020a-4307-b590-3ed06188b460", "genre": "Short"}}, {"model": "movies.genre", "pk": 22, "fields": {"uuid": "f5b4220e-9a7c-43e6-bbda-1320f166b457", "genre": "Sport"}}, {"model": "movies.genre", "pk": 23, "fields": {"uuid": "9e38159f-d48c-4852-9e99-3928241fcf47", "genre": "Talk-Show"}}, {"model": "movies.genre", "pk": 24, "fields": {"uuid": "ffb316cd-bb21-4a61-b65b-50ea87b0be31", "genre": "Biography"}}, {"model": "movies.genre", "pk": 25, "fields": {"uuid": "5ba2ac0b-fc53-4058-ac90-c68dbfe44799", "genre": "Game-Show"}}, {"model": "movies.genre", "pk": 26, "fields": {"uuid": "2c1b838a-8063-4b23-8acf-36a6bd334312", "genre": "News"}}, {"model": "movies.genre", "pk": 27, "fields": {"uuid": "84dbc01f-8b71-427e-b225-4a8ed3854a2e", "genre": "Adult"}}, {"model": "movies.genre", "pk": 28, "fields": {"uuid": "2b309bfd-dfa9-41f4-b65a-743b693ff6c8", "genre": "Reality-TV"}}, {"model": "movies.movie", "pk": 2, "fields": {"uuid": "a56c8b24-cabf-466a-a88a-60681519429f", "name": "The Wizard of Oz", "director": 1, "duration": 102, "genres": [1, 2, 3, 4]}}, {"model": "movies.movie", "pk": 3, "fields": {"uuid": "e970e456-bf05-4091-88f7-bf561e5039b0", "name": "Star Wars", "director": 2, "duration": 0, "genres": [1, 3, 5, 6]}}, {"model": "movies.movie", "pk": 4, "fields": {"uuid": "778e40ab-5c10-40b5-93fd-60afcafd2d59", "name": "Cabiria", "director": 3, "duration": 0, "genres": [1, 7, 8]}}, {"model": "movies.movie", "pk": 5, "fields": {"uuid": "3f025225-0316-40f7-aac9-791d324f45e0", "name": "Psycho", "director": 4, "duration": 0, "genres": [9, 10, 11]}}, {"model": "movies.movie", "pk": 6, "fields": {"uuid": "79612b6d-3a5e-4814-b3f5-82f721c96896", "name": "King Kong", "director": 5, "duration": 0, "genres": [1, 3, 9]}}, {"model": "movies.movie", "pk": 7, "fields": {"uuid": "b9b2dd6d-ad15-42d8-af3c-b7fd7123046d", "name": "Metropolis", "director": 6, "duration": 0, "genres": [1, 6, 7]}}, {"model": "movies.movie", "pk": 8, "fields": {"uuid": "51307509-d350-4c67-9f39-e5e755e48c0e", "name": "Star Trek", "director": 7, "duration": 0, "genres": [1, 6]}}, {"model": "movies.movie", "pk": 9, "fields": {"uuid": "48e3cf9f-6168-413a-855e-9e49b677c2e1", "name": "Casablanca", "director": 8, "duration": 0, "genres": [7, 8, 12]}}, {"model": "movies.movie", "pk": 10, "fields": {"uuid": "d6c1cbf4-a0bd-48dd-a8c3-85d6a56efc01", "name": "Snow White and the Seven Dwarfs", "director": 9, "duration": 0, "genres": [2, 3, 4, 12, 13]}}, {"model": "movies.movie", "pk": 11, "fields": {"uuid": "1c0af511-4edd-40d3-adde-357614bb7c20", "name": "2001 : A Space Odyssey", "director": 10, "duration": 0, "genres": [1, 6, 10]}}, {"model": "movies.movie", "pk": 12, "fields": {"uuid": "ddfac565-ba59-4d74-8849-bb4bac17252c", "name": "The Godfather", "director": 11, "duration": 0, "genres": [7, 14]}}, {"model": "movies.movie", "pk": 13, "fields": {"uuid": "d0dee5c1-897f-4aa8-8ca5-957f25bf5bee", "name": "The Birth of a Nation", "director": 12, "duration": 0, "genres": [7, 8, 12, 15, 16]}}, {"model": "movies.movie", "pk": 14, "fields": {"uuid": "11c6669d-6a5a-4dfd-9ada-23ab629d3feb", "name": "Shadow of a Doubt", "director": 4, "duration": 0, "genres": [10, 11, 14, 17]}}, {"model": "movies.movie", "pk": 15, "fields": {"uuid": "cd2ab86d-c969-4ad4-9f57-3415411efc8c", "name": "Jaws", "director": 14, "duration": 0, "genres": [11]}}, {"model": "movies.movie", "pk": 16, "fields": {"uuid": "c1f465f1-dd05-4b89-a01e-1218a000f6a8", "name": "Snow White", "director": 15, "duration": 0, "genres": [3, 12]}}, {"model": "movies.movie", "pk": 17, "fields": {"uuid": "cf9fb975-07d2-42e7-8e78-2b0f706c4a36", "name": "Apocalypse Now", "director": 11, "duration": 0, "genres": [7, 8]}}, {"model": "movies.movie", "pk": 18, "fields": {"uuid": "9b2f6bfe-caae-41a9-b4f0-1d5fdb648846", "name": "Gone with the Wind", "director": 1, "duration": 0, "genres": [7, 8, 12]}}, {"model": "movies.movie", "pk": 19, "fields": {"uuid": "34891511-8fd5-4a8a-a3c1-82a56fe1c764", "name": "The Merry Widow", "director": 17, "duration": 0, "genres": [4, 12, 18]}}, {"model": "movies.movie", "pk": 20, "fields": {"uuid": "7729e9e5-5fbf-4ebf-a68e-902b95a7591f", "name": "The Searchers", "director": 18, "duration": 0, "genres": [1, 7, 16]}}, {"model": "movies.movie", "pk": 21, "fields": {"uuid": "0d58eacb-e1c0-4e9c-8b18-c659299c5f98", "name": "Vertigo", "director": 4, "duration": 0, "genres": [10, 11, 12, 14]}}, {"model": "movies.movie", "pk": 22, "fields": {"uuid": "d2e319e3-04d9-49c2-a449-d18c712232f0", "name": "Dr. No", "director": 19, "duration": 0, "genres": [1, 5, 11]}}, {"model": "movies.movie", "pk": 23, "fields": {"uuid": "1af69536-c7c2-4241-b931-6b9cbdba2af0", "name": "Touch of Evil", "director": 20, "duration": 0, "genres": [11, 14, 17]}}, {"model": "movies.movie", "pk": 24, "fields": {"uuid": "74225ec8-b1e5-4f04-b2bb-3fc6518127df", "name": "Chang : A Drama of the Wilderness", "director": 5, "duration": 0, "genres": [1, 19]}}, {"model": "movies.movie", "pk": 25, "fields": {"uuid": "e0fd8264-41d8-4233-aa9b-dd5cc8d9a18d", "name": "The Exorcist", "director": 22, "duration": 0, "genres": [9]}}, {"model": "movies.movie", "pk": 26, "fields": {"uuid": "e6700015-95ac-4287-8398-d473551c8d54", "name": "Citizen Kane", "director": 20, "duration": 0, "genres": [7, 10]}}, {"model": "movies.movie", "pk": 27, "fields": {"uuid": "92b609cd-3f89-49fb-afc7-a89d9dbef41a", "name": "The Terminator", "director": 30, "duration": 0, "genres": [5, 6, 11]}}, {"model": "movies.movie", "pk": 28, "fields": {"uuid": "7c219136-b617-43d8-b002-5e3b4a9599fd", "name": "Rosemarys Baby", "director": 31, "duration": 0, "genres": [7, 9, 10]}}, {"model": "movies.movie", "pk": 29, "fields": {"uuid": "9868f644-0bed-4523-a63f-a5579b4723e7", "name": "Bronenosets Potyomkin", "director": 32, "duration": 0, "genres": [7, 8, 15]}}, {"model": "movies.movie", "pk": 30, "fields": {"uuid": "281a767b-5c92-4725-927f-168711221888", "name": "Star Wars : Episode V - The Empire Strikes Back", "director": 33, "duration": 0, "genres": [1, 5, 6]}}, {"model": "movies.movie", "pk": 31, "fields": {"uuid": "4c5de570-2214-403f-a9ba-5f30fb0ab277", "name": "The Lost World", "director": 34, "duration": 0, "genres": [1, 3, 6, 9, 11]}}, {"model": "movies.movie", "pk": 32, "fields": {"uuid": "00427bf4-895a-40af-a39f-ef46ab95f02c", "name": "A Clockwork Orange", "director": 10, "duration": 0, "genres": [6, 7, 14]}}, {"model": "movies.movie", "pk": 33, "fields": {"uuid": "82c6b566-9b5d-4599-a2fa-937cbe7a1a01", "name": "Frankenstein", "director": 35, "duration": 0, "genres": [6, 7, 9]}}, {"model": "movies.movie", "pk": 34, "fields": {"uuid": "d593f361-3a9e-46b4-9fa8-573905922099", "name": "Sesame Street", "director": 36, "duration": 0, "genres": [2, 3, 13, 18, 20]}}, {"model": "movies.movie", "pk": 35, "fields": {"uuid": "e9d544e1-b683-43ce-9e3e-4d54b2e7505c", "name": "La grande illusion", "director": 37, "duration": 0, "genres": [7, 8]}}, {"model": "movies.movie", "pk": 36, "fields": {"uuid": "77cfda2e-ff25-4756-83a0-5d4d97bf569f", "name": "Raiders of the Lost Ark", "director": 14, "duration": 0, "genres": [1, 5]}}, {"model": "movies.movie", "pk": 37, "fields": {"uuid": "be8c4cb1-594f-4d3c-ac9b-7e0b5d540166", "name": "Night of the Living Dead", "director": 38, "duration": 0, "genres": [9, 10]}}, {"model": "movies.movie", "pk": 38, "fields": {"uuid": "af83fa2b-10da-4c36-8054-31069c073a63", "name": "The Wizard of Oz", "director": 39, "duration": 0, "genres": [1, 2, 3, 18]}}, {"model": "movies.movie", "pk": 39, "fields": {"uuid": "3317c95c-a192-42b3-ad70-17684ab70108", "name": "THX 1138", "director": 2, "duration": 0, "genres": [6, 7, 10, 11]}}, {"model": "movies.movie", "pk": 40, "fields": {"uuid": "1a2a1e11-4a50-4884-8671-3dff7414e097", "name": "E.T. : The Extra-Terrestrial", "director": 14, "duration": 0, "genres": [1, 2, 3, 6, 7]}}, {"model": "movies.movie", "pk": 41, "fields": {"uuid": "553a4c34-0763-4e36-bb79-397bd418673b", "name": "The Poor Little Rich Girl", "director": 40, "duration": 0, "genres": [7, 18]}}, {"model": "movies.movie", "pk": 42, "fields": {"uuid": "d60f9108-0c09-4951-9f12-86fae0f5fa16", "name": "The Tin Man", "director": 41, "duration": 0, "genres": [1, 18, 21]}}, {"model": "movies.movie", "pk": 43, "fields": {"uuid": "5ba3ace0-ffdd-4bc0-9612-594e30096046", "name": "Taxi Driver", "director": 42, "duration": 0, "genres": [7, 11]}}, {"model": "movies.movie", "pk": 44, "fields": {"uuid": "cbff111a-026b-4052-858c-a82eee09407c", "name": "Il buono, il brutto, il cattivo.", "director": 43, "duration": 0, "genres": [1, 16]}}, {"model": "movies.movie", "pk": 45, "fields": {"uuid": "945425f9-32bb-41cc-ba97-c0fa1fbb3122", "name": "The Battle at Elderbush Gulch", "director": 12, "duration": 0, "genres": [5, 16, 21]}}, {"model": "movies.movie", "pk": 46, "fields": {"uuid": "b7a97d6a-1228-46f1-a8f1-c285274db300", "name": "Singin in the Rain", "director": 44, "duration": 0, "genres": [4, 12, 18]}}, {"model": "movies.movie", "pk": 47, "fields": {"uuid": "47109d20-dfda-4b5f-9d6b-9d7ec16db743", "name": "On the Waterfront", "director": 45, "duration": 0, "genres": [7, 12, 14]}}, {"model": "movies.movie", "pk": 48, "fields": {"uuid": "94e79506-60cb-450f-8ddd-82c72b3026de", "name": "The General", "director": 46, "duration": 0, "genres": [5, 8, 12, 18]}}, {"model": "movies.movie", "pk": 49, "fields": {"uuid": "5ebce2de-13d4-404b-997e-28dada744cd5", "name": "Ghost Busters", "director": 47, "duration": 0, "genres": [1, 3, 10]}}, {"model": "movies.movie", "pk": 50, "fields": {"uuid": "5cea3866-9d79-451f-a834-54d066347551", "name": "Tarzan the Ape Man", "director": 48, "duration": 0, "genres": [1, 5, 12]}}]